Player,teamAbbreviation,GP,MPG,PTS,REB,AST,STL,BLK,TO,FG%,3P%,FT%
Wesley_Matthews,ATL,36,11.5,3.1,1.5,0.6,0.4,0.3,0.2,0.9,2.7,35.1
Patty_Mills,ATL,19,10.6,2.7,1.1,0.7,0.5,0.1,0.4,1,2.7,37.3
Clint_Capela,ATL,73,25.8,11.5,10.6,1.2,0.6,1.5,1,4.8,8.5,57.1
Bogdan_Bogdanovic,ATL,79,30.4,16.9,3.4,3.1,1.2,0.3,1.4,6,13.9,42.8
Dejounte_Murray,ATL,78,35.7,22.5,5.3,6.4,1.4,0.3,2.6,8.6,18.8,45.9
Trae_Young,ATL,54,36,25.7,2.8,10.8,1.3,0.2,4.4,8,18.7,43
De'Andre_Hunter,ATL,57,29.5,15.6,3.9,1.5,0.7,0.3,1.5,5.3,11.6,45.9
Dylan_Windler,ATL,6,12.2,4.7,2,0.5,0.3,0,0.3,1.7,3.2,52.6
Bruno_Fernando,ATL,45,15.2,6.3,4.3,1,0.6,0.6,1,2.4,4.2,58.3
Garrison_Mathews,ATL,66,15,4.9,1.4,0.6,0.3,0.1,0.3,1.6,3.4,45.6
Saddiq_Bey,ATL,63,32.7,13.7,6.5,1.5,0.8,0.2,0.9,4.6,11.1,41.6
Onyeka_Okongwu,ATL,55,25.5,10.2,6.8,1.3,0.5,1.1,0.8,4.1,6.6,61.1
Trent_Forrest,ATL,38,10.9,2.2,1.3,2.4,0.3,0.1,0.5,0.9,2.4,37.8
Vit_Krejci,ATL,22,24.6,6.1,2.4,2.3,0.6,0.3,0.9,2.3,4.7,49
Jalen_Johnson,ATL,56,33.7,16,8.7,3.6,1.2,0.8,1.8,6.4,12.5,51.1
AJ_Griffin,ATL,20,8.6,2.4,0.9,0.3,0.1,0.1,0.4,0.9,3.1,29
Kobe_Bufkin,ATL,17,11.5,4.8,1.9,1.6,0.4,0.3,0.6,2,5.4,37
Mouhamed_Gueye,ATL,6,12.2,4,3.7,0.7,0.8,0.7,0.2,1.3,3.8,34.8
Seth_Lundy,ATL,9,5.8,1.6,0.8,0,0,0,0.1,0.4,1.9,23.5	
Jrue_Holiday,BOS,69,32.8,12.5,5.4,4.8,0.9,0.8,1.8,48,42.9,83.3
Al_Horford,BOS,65,26.8,8.6,6.4,2.6,0.6,1,0.7,51.1,41.9,86.7
Kristaps_Porzingis,BOS,57,29.6,20.1,7.2,2,0.7,1.9,1.6,51.6,37.5,85.8
Jaylen_Brown,BOS,70,33.5,23,5.5,3.6,1.2,0.5,2.4,49.9,35.4,70.3
Jayson_Tatum,BOS,74,35.7,26.9,8.1,4.9,1,0.6,2.5,47.1,37.6,83.3
Derrick_White,BOS,73,32.6,15.2,4.2,5.2,1,1.2,1.5,46.1,39.6,90.1
Luke_Kornet,BOS,63,15.6,5.3,4.1,1.1,0.4,1,0.3,70,0,90.7
Svi_Mykhailiuk,BOS,41,10.1,4,1.2,0.9,0.3,0,0.3,41.6,38.9,66.7
Oshae_Brissett,BOS,55,11.5,3.7,2.9,0.8,0.3,0.1,0.4,44.4,27.3,60.2
Payton_Pritchard,BOS,82,22.3,9.6,3.2,3.4,0.5,0.1,0.7,46.8,38.5,82.1
Xavier_Tillman_Sr.,BOS,20,13.7,4,2.7,1,0.5,0.5,0.3,51.5,28.6,57.1
Lamar_Stevens,BOS,19,6.4,2.8,1.6,0.4,0.3,0.3,0.5,46.7,37.5,72.7
Dalano_Banton,BOS,24,7.1,2.3,1.5,0.8,0.2,0.1,0.4,37.3,12.5,80
Neemias_Queta,BOS,28,11.9,5.5,4.4,0.7,0.5,0.8,0.5,64.4,,71.4
Jaden_Springer,BOS,17,7.6,2.1,1.2,0.5,0.6,0.2,0.5,43.3,18.2,87.5
Sam_Hauser,BOS,79,22,9,3.5,1,0.5,0.3,0.4,44.6,42.4,89.5
JD_Davison,BOS,8,4.9,2,1.3,1.3,0.1,0.1,0.3,41.7,42.9,75
Jordan_Walsh,BOS,9,9.2,1.7,2.2,0.6,0.6,0.1,0.3,40,22.2,50
Drew_Peterson,BOS,3,7.7,3.7,0.3,0.3,0.7,0,0.3,66.7,60,0	
Dennis_Schroder,BKN,29,32,14.6,3.5,6,0.6,0.3,2.4,42.4,41.2,79.7
Spencer_Dinwiddie,BKN,48,30.7,12.6,3.3,6,0.8,0.2,1.3,39.1,32,78.1
Ben_Simmons,BKN,15,23.9,6.1,7.9,5.7,0.8,0.6,1.8,58.1,0,40
Dorian_Finney-Smith,BKN,68,28.4,8.5,4.7,1.6,0.8,0.6,0.9,42.1,34.8,71.7
Dennis_Smith_Jr.,BKN,56,18.9,6.6,2.9,3.6,1.2,0.2,1.2,43.5,29.4,74.1
Harry_Giles_III,BKN,16,5.1,3.4,1.6,0.4,0.1,0.2,0.4,50,27.3,53.8
Royce_O'Neale,BKN,49,24.5,7.4,4.5,2.8,0.7,0.6,1,38.8,36.6,68.2
Mikal_Bridges,BKN,82,34.8,19.6,4.5,3.6,1,0.4,2,43.6,37.2,81.4
Lonnie_Walker_IV,BKN,58,17.4,9.7,2.2,1.3,0.6,0.3,0.9,42.3,38.4,76.3
Keita_Bates-Diop,BKN,14,4.9,1.6,0.6,0.3,0.2,0.1,0.1,50,20,100
Cameron_Johnson,BKN,58,27.6,13.4,4.3,2.4,0.8,0.3,1,44.6,39.1,78.9
Nic_Claxton,BKN,71,29.8,11.8,9.9,2.1,0.6,2.1,1.3,62.9,20,55.1
Armoni_Brooks,BKN,10,10.4,4.2,1.8,0.5,0.1,0.1,0.3,32.6,34.4,50
Day'Ron_Sharpe,BKN,61,15.1,6.8,6.4,1.4,0.4,0.7,1.1,57.1,26.7,61
Keon_Johnson,BKN,5,12.2,6.2,1.4,0.6,0.6,0.2,1,38.1,40,91.7
Cam_Thomas,BKN,66,31.4,22.5,3.2,2.9,0.7,0.2,1.9,44.2,36.4,85.6
Trendon_Watford,BKN,63,13.6,6.9,3.1,1.3,0.4,0.3,1,52.7,39.7,79.4
Jacob_Gilyard,BKN,4,11.3,0,0.8,1.5,1.5,0,0.3,0,0,0
Dariq_Whitehead,BKN,2,12,1.5,2,1.5,0,0.5,0,0.5,0,50
Noah_Clowney,BKN,23,16.1,5.8,3.5,0.8,0.3,0.7,0.7,53.8,36.4,70
Jalen_Wilson,BKN,43,15.4,5,3,1,0.3,0.1,0.4,42.5,32.4,82.6	
Gordon_Hayward,CHA,25,31.9,14.5,4.7,4.6,1.1,0.5,2,46.8,36.1,76.5
Ish_Smith,CHA,43,17.2,3.2,1.8,3.4,0.4,0.1,1.1,41.8,50,75
Davis_Bertans,CHA,28,20.8,8.8,1.8,0.9,0.8,0.3,0.6,39.4,37.5,88.9
Seth_Curry,CHA,8,19.9,9,2,1.8,0.6,0.4,0.6,44.1,32.1,91.7
Vasilije_Micic,CHA,30,27.2,10.8,2.1,6.2,0.7,0.1,2.3,43.7,29.4,83.9
Terry_Rozier,CHA,30,35.5,23.2,3.9,6.6,1.1,0.4,2.2,45.9,35.8,84.5
Frank_Ntilikina,CHA,5,8.6,1,1.2,0.8,0,0,0.2,11.1,12.5,100
Miles_Bridges,CHA,69,37.4,21,7.3,3.3,0.9,0.5,2,46.2,34.9,82.5
P.J._Washington_Jr.,CHA,44,29.2,13.6,5.3,2.2,0.9,0.7,1.5,44.6,32.4,71.3
Grant_Williams,CHA,29,30.6,13.9,5.1,3.2,0.7,0.4,1.9,50.3,37.3,76.5
Cody_Martin,CHA,28,26.9,7.5,3.9,3.7,1.1,0.6,1.6,38.1,31.4,60.6
Marques_Bolden,CHA,9,13.1,4.1,3.6,0.4,0.3,0.8,0.3,68,0,75
Nick_Richards,CHA,67,26.3,9.7,8,0.8,0.4,1.1,1.1,69.1,0,73.7
Theo_Maledon,CHA,13,15.4,4.2,1.8,2.2,0.5,0,1.2,28.8,16.7,91.7
LaMelo_Ball,CHA,22,32.3,23.9,5.1,8,1.8,0.2,3.8,43.3,35.5,86.5
Aleksej_Pokusevski,CHA,18,19.2,7.4,4.4,1.7,0.8,0.7,0.9,42.9,36.4,75.7
Tre_Mann,CHA,28,31,11.9,4.5,5.2,1.7,0.1,2,45.3,36.4,75.9
JT_Thor,CHA,63,12.4,3.2,2.3,0.5,0.2,0.4,0.2,43.7,34.6,55
James_Bouknight,CHA,14,5.8,3.6,0.6,0.4,0.1,0.1,0.1,43.9,43.3,50
Bryce_McGowens,CHA,59,14.9,5.1,1.7,0.9,0.4,0.2,0.5,43.9,33.3,77.6
Mark_Williams,CHA,19,26.7,12.7,9.7,1.2,0.8,1.1,0.9,64.9,0,71.9
Brandon_Miller,CHA,74,32.2,17.3,4.3,2.4,0.9,0.6,1.8,44,37.3,82.7
Nick_Smith_Jr.,CHA,51,14.3,5.9,1.4,1.2,0.2,0.1,0.8,39.1,43.2,86.7
Amari_Bailey,CHA,10,6.5,2.3,0.9,0.7,0.3,0,0.4,33.3,12.5,85.7
Leaky_Black,CHA,26,10.9,2.7,1.8,0.9,0.3,0.4,0.2,48.1,45,66.7		
DeMar_DeRozan,CHI,79,37.8,24,4.3,5.3,1.1,0.6,1.7,48,33.3,85.3
Andre_Drummond,CHI,79,17.1,8.4,9,0.5,0.9,0.6,1,55.6,0,59.2
Nikola_Vucevic,CHI,76,34.3,18,10.5,3.3,0.7,0.8,1.6,48.4,29.4,82.2
Zach_LaVine,CHI,25,34.9,19.5,5.2,3.9,0.8,0.3,2.1,45.2,34.9,85.4
Alex_Caruso,CHI,71,28.7,10.1,3.8,3.5,1.7,1,1.4,46.8,40.8,76
Torrey_Craig,CHI,53,19.8,5.7,4.1,1.1,0.6,0.4,0.6,43,39.2,75
Jevon_Carter,CHI,72,13.9,5,0.8,1.3,0.5,0.2,0.5,37.8,32.9,57.1
Coby_White,CHI,79,36.5,19.1,4.5,5.1,0.7,0.2,2.1,44.7,37.6,83.8
Javonte_Green,CHI,9,25.6,12.2,7.4,0.6,1.1,0.9,0.8,60,37,76.9
Patrick_Williams,CHI,43,27.3,10,3.9,1.5,0.9,0.8,1.3,44.3,39.9,78.8
Ayo_Dosunmu,CHI,76,29.1,12.2,2.8,3.2,0.9,0.5,1.4,50.1,40.3,81
Terry_Taylor,CHI,31,6.1,1.5,1.2,0.3,0.2,0.1,0.2,51.3,22.2,80
Dalen_Terry,CHI,59,11.5,3.1,1.9,1.4,0.5,0.3,0.5,43.9,23,58.1
Julian_Phillips,CHI,40,8.1,2.2,0.9,0.3,0.2,0.2,0.3,41.6,31.6,68.4
Adama_Sanogo,CHI,9,7.3,4,4,0,0.1,0,0.6,51.9,0,66.7
Onuralp_Bitim,CHI,23,11.7,3.5,1.4,0.6,0.1,0.1,0.4,38.1,27.3,80
Henri_Drell,CHI,4,7.5,2.8,1,1,0.5,0.3,0.5,40,33.3,50
Andrew_Funk,CHI,5,2.6,0,0,0,0.2,0.2,0,0,0,0
Dean_Wade,CLE,54,20.5,5.4,4,0.8,0.7,0.5,0.4,41.4,39.1,76.9
Tristan_Thompson,CLE,49,11.2,3.3,3.6,1,0.2,0.3,0.6,60.8,0,28.8
Max_Strus,CLE,70,32,12.2,4.8,4,0.9,0.4,1.6,41.8,35.1,79.4
Craig_Porter_Jr.,CLE,51,12.7,5.6,2.1,2.3,0.4,0.3,0.9,50.9,35.3,73.2
Isaac_Okoro,CLE,69,27.3,9.4,3,1.9,0.8,0.5,0.8,49,39.1,67.9
Georges_Niang,CLE,82,22.3,9.4,3.4,1.2,0.4,0.2,0.9,44.9,37.6,85
Pete_Nance,CLE,8,3.4,0.4,0.4,0,0.1,0,0.1,16.7,100,0
Marcus_Morris_Sr.,CLE,12,15,5.8,2.1,0.8,0.2,0.2,0.9,44.1,41.4,62.5
Isaiah_Mobley,CLE,10,7.2,2.3,1,0.6,0.2,0,0.2,41.7,30,0
Evan_Mobley,CLE,50,30.6,15.7,9.4,3.2,0.9,1.4,1.8,58,37.3,71.9
Donovan_Mitchell,CLE,55,35.3,26.6,5.1,6.1,1.8,0.5,2.8,46.2,36.8,86.5
Sam_Merrill,CLE,61,17.5,8,2,1.8,0.3,0.1,0.3,40.2,40.4,92.9
Caris_LeVert,CLE,68,28.8,14,4.1,5.1,1.1,0.5,1.7,42.1,32.5,76.6
Damian_Jones,CLE,39,6.9,2.7,1.6,0.4,0.2,0.3,0.3,59.7,21.4,85.7
Ty_Jerome,CLE,2,7.5,2,0.5,1.5,0,0,0.5,50,0,0
Darius_Garland,CLE,57,33.4,18,2.7,6.5,1.3,0.1,3.1,44.6,37.1,83.4
Emoni_Bates,CLE,15,8.9,2.7,0.9,0.7,0.1,0.1,0.5,30.6,30.3,25
Jarrett_Allen,CLE,77,31.7,16.5,10.5,2.7,0.7,1.1,1.6,63.4,0,74.2
Tim_Hardaway_Jr.,DAL,79,26.8,14.4,3.2,1.8,0.5,0.1,0.9,40.2,35.3,85.2
Kyrie_Irving,DAL,58,35,25.6,5,5.2,1.3,0.5,1.8,49.7,41.1,90.5
Markieff_Morris,DAL,26,8.3,2.5,1.5,0.6,0.2,0.1,0.5,33.8,35.7,83.3
Seth_Curry,DAL,36,12.7,4.3,1.4,0.8,0.5,0.1,0.4,37.2,36.3,89.5
Dante_Exum,DAL,55,19.8,7.8,2.7,2.9,0.4,0.1,0.9,53.3,49.1,77.9
Dwight_Powell,DAL,63,13.3,3.3,3.4,1.3,0.4,0.3,0.5,67.9,33.3,70.8
Richaun_Holmes,DAL,23,10.3,3.4,3.4,0.7,0.1,0.4,0.5,55.9,,57.1
Derrick_Jones_Jr.,DAL,76,23.5,8.6,3.3,1,0.7,0.7,0.9,48.3,34.3,71.3
Maxi_Kleber,DAL,43,20.3,4.4,3.3,1.6,0.4,0.7,0.7,43.2,34.8,70.2
Luka_Doncic,DAL,70,37.5,33.9,9.2,9.8,1.4,0.5,4,48.7,38.2,78.6
P.J._Washington_Jr.,DAL,29,32.2,11.7,6.2,1.5,1.2,0.9,1,42.1,31.4,62.7
Grant_Williams,DAL,47,26.4,8.1,3.6,1.7,0.5,0.6,1.1,41.3,37.6,74.5
Daniel_Gafford,DAL,29,21.5,11.2,6.9,1.6,0.7,1.9,1,78,,60.7
Josh_Green,DAL,57,26.4,8.2,3.2,2.3,0.8,0.2,1.1,47.9,38.5,68.4
Greg_Brown_III,DAL,6,6.7,2.5,1.5,0.7,0,0.7,0.7,45.5,33.3,44.4
A.J._Lawson,DAL,42,7.4,3.2,1.2,0.5,0.2,0.1,0.3,44.6,26,65.2
Brandon_Williams,DAL,17,6.6,3.2,0.8,1,0.1,0.1,0.4,37,20,64.7
Jaden_Hardy,DAL,73,13.5,7.3,1.8,1.5,0.3,0.1,0.8,40.7,36.2,77.6
Dereck_Lively_II,DAL,55,23.5,8.8,6.9,1.1,0.7,1.4,0.9,74.7,,50.6
Olivier-Maxence_Prosper,DAL,40,8.4,3,2,0.6,0.2,0.1,0.2,38.5,28.9,68.3
Dexter_Dennis,DAL,4,7.5,5.5,2.3,1,0,0.3,0.8,52.6,12.5,33.3
Alex_Fudge,DAL,2,13,5.5,1.5,0,1.5,0,0.5,55.6,33.3,
Kentavious_Caldwell-Pope,DEN,76,31.6,10.1,2.4,2.4,1.3,0.6,1,46,40.6,89.4
Justin_Holiday,DEN,58,14.9,4,1.2,1.2,0.6,0.2,0.2,45.4,40.4,75
Reggie_Jackson,DEN,82,22.2,10.2,1.9,3.8,0.5,0.2,1.3,43.1,35.9,80.6
DeAndre_Jordan,DEN,36,11,3.9,4.4,0.7,0.2,0.4,0.6,62.4,,49.1
Aaron_Gordon,DEN,73,31.5,13.9,6.5,3.5,0.8,0.6,1.4,55.6,29,65.8
Nikola_Jokic,DEN,79,34.6,26.4,12.4,9,1.4,0.9,3,58.3,35.9,81.7
Jamal_Murray,DEN,59,31.5,21.2,4.1,6.5,1,0.7,2.1,48.1,42.5,85.3
Michael_Porter_Jr.,DEN,81,31.7,16.7,7,1.5,0.5,0.7,1.1,48.4,39.7,83.6
Zeke_Nnaji,DEN,58,9.9,3.2,2.2,0.6,0.3,0.7,0.5,46.3,26.1,67.7
Jay_Huff,DEN,20,2.5,1.2,0.6,0.1,0.1,0.2,0.1,60,33.3,100
Braxton_Key,DEN,20,3,1.1,0.9,0.5,0.1,0.1,0.1,41.2,40,75
Collin_Gillespie,DEN,24,9.4,3.6,0.9,1.1,0.5,0,0.6,46.4,39.5,66.7
Peyton_Watson,DEN,80,18.6,6.7,3.2,1.1,0.5,1.1,0.7,46.5,29.6,67
Christian_Braun,DEN,82,20.2,7.3,3.7,1.6,0.5,0.4,0.7,46,38.4,69.4
Julian_Strawther,DEN,50,10.9,4.5,1.2,0.9,0.3,0.1,0.5,36.9,29.7,71
Hunter_Tyson,DEN,18,2.7,1.1,0.5,0.1,0.1,0,0.1,40,28.6,
Jalen_Pickett,DEN,27,4.5,1.6,0.5,0.8,0.1,0,0.3,42.9,36,75
Alec_Burks,DET,43,21,12.6,2.6,1.6,0.5,0.3,0.7,39.4,40.1,90.3
Evan_Fournier,DET,29,18.7,7.2,1.9,1.6,0.9,0.2,0.7,37.3,27,79.4
Danilo_Gallinari,DET,6,15,8.7,2.3,2,0.3,0.3,0.2,54.5,58.3,87.5
Taj_Gibson,DET,4,9.8,4.5,2.3,0.5,0.3,0.3,0,57.1,50,
Bojan_Bogdanovic,DET,28,32.9,20.2,3.4,2.5,0.8,0.1,2.3,46.8,41.5,77.9
Mike_Muscala,DET,13,13.2,3.5,2.2,0.8,0.2,0.4,0.2,34.1,38.2,50
Joe_Harris,DET,16,10.6,2.4,0.8,0.6,0.2,0.1,0.3,35.9,33.3,50
Monte_Morris,DET,6,11.3,4.5,2,1.3,0.2,0.2,0.3,36.4,18.2,50
Marvin_Bagley_III,DET,26,18.4,10.2,4.5,1,0.2,0.5,1.1,59.1,16.7,82
Kevin_Knox_II,DET,31,18.1,7.2,2.4,0.7,0.4,0.2,0.7,46.2,33,90.9
Troy_Brown_Jr.,DET,22,19,4.2,3.3,1.1,0.7,0,0.5,29.6,28.1,86.7
Chimezie_Metu,DET,14,29.4,10.5,6,1.9,1.7,0.5,1.8,50,30.2,95.2
Shake_Milton,DET,4,15.8,6.8,4.5,1.5,0.5,0.3,0.8,42.3,33.3,66.7
Jaylen_Nowell,DET,4,14.5,7.5,2.5,0.8,0.3,0.5,0.5,52.2,33.3,66.7
James_Wiseman,DET,63,17.3,7.1,5.3,0.9,0.2,0.6,1,61.3,0,70.6
Malachi_Flynn,DET,24,14.3,8,1.8,2.1,0.8,0.1,1.1,43,31.6,68.4
Isaiah_Stewart,DET,46,30.9,10.9,6.6,1.6,0.4,0.8,1.4,48.7,38.3,75.3
Killian_Hayes,DET,42,24,6.9,2.8,4.9,0.9,0.5,1.2,41.3,29.7,66
Cade_Cunningham,DET,62,33.5,22.7,4.3,7.5,0.9,0.4,3.4,44.9,35.5,86.9
Isaiah_Livers,DET,23,20.4,5,2.1,1.1,0.6,0.2,0.7,34.5,28.6,66.7
Quentin_Grimes,DET,6,19.2,5.3,2,2.3,0.8,0.7,1.2,21.4,14.3,90.9
Jalen_Duren,DET,61,29.1,13.8,11.6,2.4,0.5,0.8,2.1,61.9,0,79
Buddy_Boeheim,DET,10,8.4,3.4,1,0.3,0,0.1,0,31,32,80
Jaden_Ivey,DET,77,28.8,15.4,3.4,3.8,0.7,0.5,2.5,42.9,33.6,74.9
Simone_Fontecchio,DET,16,30.3,15.4,4.4,1.8,0.9,0.3,1.1,47.9,42.6,84.6
Andrew_Wiggins,GSW,71,27,13.2,4.5,1.7,0.6,0.6,1.2,45.3,35.8,75.1
Klay_Thompson,GSW,77,29.7,17.9,3.3,2.3,0.6,0.5,1.5,43.2,38.7,92.7
Pat_Spencer,GSW,6,4.3,0.7,0.7,0.8,0,0,0.2,50,0,0
Dario_Saric,GSW,64,17.2,8,4.4,2.3,0.5,0.2,1.2,46.6,37.6,84.9
Gui_Santos,GSW,23,8.3,3.6,2.1,0.6,0.2,0.1,0.3,50.9,37,94.1
Jerome_Robinson,GSW,22,3.7,1.4,0.3,0.2,0,0.1,0.1,33.3,11.8,63.6
Lester_Quinones,GSW,37,10.6,4.4,1.9,1,0.2,0.1,0.5,39.7,36.4,69
Brandin_Podziemski,GSW,74,26.6,9.2,5.8,3.7,0.8,0.2,1.2,45.4,38.5,63.3
Gary_Payton_II,GSW,44,15.5,5.5,2.6,1.1,0.9,0.4,0.6,56.3,36.4,60.9
Chris_Paul,GSW,58,26.4,9.2,3.9,6.8,1.2,0.1,1.3,44.1,37.1,82.7
Moses_Moody,GSW,66,17.5,8.1,3,0.9,0.6,0.4,0.7,46.2,36,78.5
Kevon_Looney,GSW,74,16.1,4.5,5.7,1.8,0.4,0.4,0.7,59.7,0,67.5
Jonathan_Kuminga,GSW,74,26.3,16.1,4.8,2.2,0.7,0.5,1.6,52.9,32.1,74.6
Cory_Joseph,GSW,26,11.4,2.4,1.2,1.6,0.2,0.1,0.5,35.9,31,57.1
Trayce_Jackson-Davis,GSW,68,16.6,7.9,5,1.2,0.4,1.1,0.7,70.2,0,56.1
Draymond_Green,GSW,55,27.1,8.6,7.2,6,1,0.9,2.5,49.7,39.5,73
Usman_Garuba,GSW,6,3,0.5,1.2,0.2,0.2,0.5,0.3,16.7,0,50
Stephen_Curry,GSW,74,32.7,26.4,4.5,5.1,0.7,0.4,2.8,45,40.8,92.3
Reggie_Bullock_Jr.,HOU,44,9.5,2.2,1.7,0.3,0.3,0.1,0.2,41.5,40.3,100
Jeff_Green,HOU,78,16.8,6.5,2.3,0.9,0.2,0.4,0.6,45.5,32.9,81.9
Boban_Marjanovic,HOU,14,5.1,3.2,2.3,0.4,0.1,0.1,0.4,52.9,0,64.3
Fred_VanVleet,HOU,73,36.8,17.4,3.8,8.1,1.4,0.8,1.7,41.6,38.7,86
Dillon_Brooks,HOU,72,30.9,12.7,3.4,1.7,0.9,0.1,1.2,42.9,35.9,84.4
Aaron_Holiday,HOU,78,16.3,6.6,1.6,1.8,0.5,0.1,0.7,44.6,38.7,92.1
Jae'Sean_Tate,HOU,65,15.9,4.1,3,1,0.6,0.2,0.6,47.2,29.9,66.7
Nate_Hinton,HOU,15,5,2.2,1.5,0.7,0.2,0.1,0.2,42.3,50,80
Alperen_Sengun,HOU,63,32.5,21.1,9.3,5,1.2,0.7,2.6,53.7,29.7,69.3
Jalen_Green,HOU,82,31.7,19.6,5.1,3.5,0.8,0.3,2.3,42.2,33.2,80.4
Jock_Landale,HOU,56,13.6,4.9,3.1,1.2,0.4,0.6,0.6,51.5,25,80
Jabari_Smith_Jr.,HOU,76,31.9,13.7,8.1,1.6,0.7,0.8,1.2,45.4,36.3,81.1
Tari_Eason,HOU,22,21.8,9.8,7,1.2,1.4,0.9,0.9,46.6,36,63.6
Nate_Williams,HOU,22,5.9,2.9,1,0.3,0.2,0,0.2,54,40,53.8
Jermaine_Samuels_Jr.,HOU,14,4.3,1.4,0.9,0.2,0.1,0.1,0,64.3,0,100
Cam_Whitmore,HOU,47,18.7,12.3,3.8,0.7,0.6,0.4,1,45.4,35.9,67.9
Amen_Thompson,HOU,62,22.4,9.5,6.6,2.6,1.3,0.6,1.5,53.6,13.8,68.4
James_Johnson,IND,9,5.2,0.9,0.4,0.9,0.6,0.1,0.6,30,0,100
Doug_McDermott,IND,18,11.3,4.2,0.6,0.7,0.3,0,0.2,40.6,32.1,50
Myles_Turner,IND,77,27,17.1,6.9,1.3,0.5,1.9,1.4,52.4,35.8,77.3
T.J._McConnell,IND,71,18.2,10.2,2.7,5.5,1,0.1,1.5,55.6,40.9,79
Buddy_Hield,IND,52,25.7,12,3.2,2.7,0.8,0.6,1.2,44.3,38.4,84.8
Pascal_Siakam,IND,41,31.8,21.3,7.8,3.7,0.8,0.4,1.4,54.9,38.6,69.9
Daniel_Theis,IND,1,8,2,0,0,0,0,0,25,0,0
Bruce_Brown,IND,33,29.7,12.1,4.7,3,1.1,0.2,1.2,47.5,32.7,81.7
Obi_Toppin,IND,82,21.1,10.3,3.9,1.6,0.6,0.5,0.8,57.3,40.3,77
Aaron_Nesmith,IND,72,27.7,12.2,3.8,1.5,0.9,0.7,0.9,49.6,41.9,78.1
Jordan_Nwora,IND,18,10.2,5.2,1.8,1,0.3,0.1,0.7,45.1,30.6,81.8
Jalen_Smith,IND,61,17.2,9.9,5.5,1,0.3,0.6,0.7,59.2,42.4,69.2
Tyrese_Haliburton,IND,69,32.2,20.1,3.9,10.9,1.2,0.7,2.3,47.7,36.4,85.5
Isaiah_Jackson,IND,60,12.9,6.4,4,0.8,0.6,1,0.7,66.5,0,71.6
Andrew_Nembhard,IND,68,25,9.2,2.1,4.1,0.9,0.1,1.5,49.8,35.7,80.4
Kendall_Brown,IND,15,4.2,1.4,0.3,0.3,0,0,0.1,53.3,0,62.5
Bennedict_Mathurin,IND,59,26.1,14.5,4,2,0.6,0.2,1.6,44.6,37.4,82.1
Quenton_Jackson,IND,3,3.7,0.7,1.3,0.7,0.3,0,0,0,100,100
Ben_Sheppard,IND,57,14.3,4.4,1.6,0.9,0.6,0,0.3,39.3,31.4,88.5
Jarace_Walker,IND,33,10.3,3.6,1.9,1.2,0.5,0.3,0.5,40.9,40,88.9
Isaiah_Wong,IND,1,4,2,0,0,0,0,0,33.3,0,0
Oscar_Tshiebwe,IND,8,5.3,3.3,2,0.3,0.3,0.1,0,50,0,75
Nicolas_Batum,LAC,3,18,2.7,2.3,1.7,1,1.3,0.3,1,37.5,28.6
Paul_George,LAC,74,33.8,22.6,5.2,3.5,1.5,0.5,2.1,47.1,41.3,90.7
James_Harden,LAC,72,34.3,16.6,5.1,8.5,1.1,0.8,2.6,42.8,38.1,87.8
Kawhi_Leonard,LAC,68,34.3,23.7,6.1,3.6,1.6,0.9,1.8,52.5,41.7,88.5
Mason_Plumlee,LAC,46,14.7,5.3,5.1,1.2,0.3,0.4,0.8,56.9,0,70.7
P.J._Tucker,LAC,28,15,1.6,2.5,0.6,0.5,0.2,0.2,35.6,36.7,100
Russell_Westbrook,LAC,68,22.5,11.1,5,4.5,1.1,0.3,2.1,45.4,27.3,68.8
Robert_Covington,LAC,3,23,3,2.7,2.3,2,0.7,0,33.3,25,50
Norman_Powell,LAC,76,26.2,13.9,2.6,1.1,0.6,0.3,0.9,48.6,43.5,83.1
Ivica_Zubac,LAC,68,26.4,11.7,9.2,1.4,0.3,1.2,1.2,64.9,0,72.3
Daniel_Theis,LAC,59,17.1,6.3,4.1,1,0.4,0.9,0.7,53.6,37.1,76
Terance_Mann,LAC,75,25,8.8,3.4,1.6,0.6,0.2,0.6,51.5,34.8,83.2
Amir_Coffey,LAC,70,20.9,6.6,2.1,1.1,0.6,0.2,0.5,47.2,38,85.9
KJ_Martin,LAC,2,15.5,5,1.5,0.5,1,0.5,1,40,20,50
Brandon_Boston_Jr.,LAC,32,10.8,5.2,1.6,0.4,0.3,0.3,0.8,40.4,26.9,69.7
Bones_Hyland,LAC,37,14.6,6.9,1.5,2.5,0.7,0.1,1.2,38.6,32.6,78.3
Joshua_Primo,LAC,2,5,1,0.5,0,0,0.5,2,33.3,0
Xavier_Moon,LAC,14,8.5,2.4,1.3,1.5,0.2,0.2,0.4,32.6,11.8,50
Moussa_Diabate,LAC,11,5.8,2.6,2.2,0.4,0.5,0.1,0.2,52.6,0,64.3
Kobe_Brown,LAC,44,9,2,1.4,0.6,0.3,0.1,0.2,41.1,29.2,50
Jordan_Miller,LAC,8,3.5,1.6,0.6,0,0,0,0.1,55.6,50,100
Anthony_Davis,LAL,76,35.5,24.7,12.6,3.5,1.2,2.3,2.1,55.6,0.4,81.6
LeBron_James,LAL,71,35.3,25.7,7.3,8.3,1.3,0.5,3.5,9.6,54,75
Spencer_Dinwiddie,LAL,28,24.2,6.8,1.7,2.4,0.5,0.5,1,2,39.7,88
D'Angelo_Russell,LAL,76,32.7,18,3.1,6.3,0.9,0.5,2.1,6.5,45.6,82.8
Christian_Wood,LAL,50,17.4,6.9,5.1,1,0.3,0.7,1,2.5,46.6,70.2
Taurean_Prince,LAL,78,27,8.9,2.9,1.5,0.7,0.4,0.9,3.2,44.2,73.5
Harry_Giles_III,LAL,7,2.7,0.3,0.6,0,0.1,0,0,0.1,16.7,0
Jarred_Vanderbilt,LAL,29,20,5.2,4.8,1.2,1.2,0.2,1,2,51.8,66.7
Gabe_Vincent,LAL,11,19.8,3.1,0.8,1.9,0.8,0,0.5,1.4,30.6,50
Jaxson_Hayes,LAL,70,12.5,4.3,3,0.5,0.5,0.4,0.6,1.8,72,62.2
Rui_Hachimura,LAL,68,26.9,13.6,4.3,1.2,0.6,0.4,0.7,5.3,53.7,73.9
Cam_Reddish,LAL,48,20.5,5.4,2.1,1,1,0.3,0.6,1.9,38.9,75.9
Dylan_Windler,LAL,8,3.5,1.5,0.4,0.8,0,0,0,0.5,44.4,0
Skylar_Mays,LAL,17,4.5,1.3,0.4,0.6,0.4,0.1,0.1,0.6,47.6,0
Austin_Reaves,LAL,82,32.1,15.9,4.3,5.5,0.8,0.3,2.1,5.6,48.6,85.3
Max_Christie,LAL,67,14.1,4.2,2.1,0.9,0.3,0.3,0.5,1.5,42.7,78.3
Jalen_Hood-Schifino,LAL,21,5.2,1.6,0.6,0.4,0.1,0.1,0.4,0.5,22.2,60
Maxwell_Lewis,LAL,34,3,0.3,0.1,0.2,0.1,0,0.3,0.1,19,66.7
D'Moi_Hodge,LAL,7,5.9,2,0,0.7,0.1,0.1,0.1,0.7,33.3,50
Colin_Castleton,LAL,16,3.7,1.5,0.8,0.2,0.1,0,0.2,0.6,56.3,100
Alex_Fudge,LAL,4,3.5,1,0.5,0,0,0,0.3,0.3,16.7,100
Jimmy_Butler,MIA,60,34,20.8,5.3,5,1.3,0.3,1.7,49.9,41.4,85.8
Kevin_Love,MIA,55,16.8,8.8,6.1,2.1,0.3,0.2,0.9,44,34.4,78.7
Kyle_Lowry,MIA,37,28,8.2,3.5,4,1.1,0.4,1.4,42.6,38.5,83.3
Patty_Mills,MIA,13,16.4,5.8,1.2,1.5,0.8,0,0.6,33.8,20.8,100
Terry_Rozier,MIA,31,31.5,16.4,4.2,4.6,1,0.3,1.3,42.3,37.1,91.3
Delon_Wright,MIA,14,20.4,5.4,1.9,2.6,1.4,0.2,0.2,39.4,36.7,81.3
Josh_Richardson,MIA,43,25.7,9.9,2.8,2.4,0.6,0.3,0.8,44.4,34.7,94.4
Bam_Adebayo,MIA,71,34,19.3,10.4,3.9,1.1,0.9,2.3,52.1,35.7,75.5
Thomas_Bryant,MIA,38,11.6,5.7,3.7,0.6,0.3,0.4,0.6,57.7,18.2,87.2
Duncan_Robinson,MIA,68,28,12.9,2.5,2.8,0.7,0.2,1.4,45,39.5,88.9
Haywood_Highsmith,MIA,66,20.7,6.1,3.2,1.1,0.8,0.5,0.5,46.5,39.6,63.9
Tyler_Herro,MIA,42,33.5,20.8,5.3,4.5,0.7,0.1,2.2,44.1,39.6,85.6
Caleb_Martin,MIA,64,27.4,10,4.4,2.2,0.7,0.5,1.2,43.1,34.9,77.8
RJ_Hampton,MIA,8,9.5,1.3,0.8,1,0,0,0.4,28.6,12.5,50
Dru_Smith,MIA,9,14.6,4.3,1.6,1.6,1,0.3,0.6,45.5,41.2,100
Alondes_Williams,MIA,7,2.3,0.7,0.1,0,0,0.1,0.3,25,0,100
Cole_Swider,MIA,18,4.8,2.3,0.4,0.3,0.1,0.1,0.4,39.5,33.3,100
Orlando_Robinson,MIA,36,8.4,2.8,2.3,0.9,0.2,0.2,0.5,50,53.3,76
Nikola_Jovic,MIA,46,19.5,7.7,4.2,2,0.5,0.3,0.9,45.2,39.9,70.2
Jamal_Cain,MIA,26,10,3.7,1.4,0.4,0.4,0.2,0.3,43,35.5,78.3
Jaime_Jaquez_Jr.,MIA,75,28.2,11.9,3.8,2.6,1,0.3,1.5,48.9,32.2,81.1
Bismack_Biyombo,MEM,30,23.9,5.2,6.4,1.7,0.3,1.1,1.3,56.3,,47.8
Derrick_Rose,MEM,24,16.6,8,1.9,3.3,0.3,0.1,1.3,46.1,36.6,88.9
Marcus_Smart,MEM,20,30.3,14.5,2.7,4.3,2.1,0.3,3.1,43,31.3,76.8
Luke_Kennard,MEM,39,25.6,11,2.9,3.5,0.5,0.1,1.4,44.8,45,88.9
Shaquille_Harrison,MEM,3,2,0.7,0.7,0,0,0.3,0,50,,
Jaren_Jackson_Jr.,MEM,66,32.2,22.5,5.5,2.3,1.2,1.6,2.4,44.4,32,80.8
Yuta_Watanabe,MEM,5,16.4,2.6,1.8,1,0.6,0,0.6,31.6,10,0
Wenyen_Gabriel,MEM,5,16.2,3.4,5,0.6,0.4,0.4,1.6,36.4,16.7,0
Ja_Morant,MEM,9,35.3,25.1,5.6,8.1,0.8,0.6,3,47.1,27.5,81.3
Brandon_Clarke,MEM,6,22.3,11.3,5.3,1.5,0.8,1,0.5,55.9,16.7,14.3
Jaylen_Nowell,MEM,9,17.3,5.7,1.6,1.8,0.3,0,0.6,40,17.4,100
John_Konchar,MEM,55,21.3,4.3,4.7,2,0.9,0.9,0.8,42.3,31.7,84
Desmond_Bane,MEM,42,34.4,23.7,4.4,5.5,1,0.5,2.7,46.4,38.1,87
Xavier_Tillman_Sr.,MEM,34,20.6,6,4.6,1.7,1.2,1,0.9,40.8,22.6,41.9
Lamar_Stevens,MEM,19,23,11.5,5.1,1.1,0.9,0.9,0.8,44.6,28.9,79.1
Zavier_Simpson,MEM,7,23,6,2.9,3.6,1,0.4,1.4,31.5,29.4,75
Ziaire_Williams,MEM,51,20.4,8.2,3.5,1.5,0.7,0.2,1.3,39.7,30.7,82.7
Santi_Aldama,MEM,61,26.5,10.7,5.8,2.3,0.7,0.9,1.1,43.5,34.9,62.1
Matt_Hurt,MEM,8,14.1,4,2,0.5,0.4,0.4,0.3,35.3,25,100
DeJon_Jarreau,MEM,9,16.7,4.8,4.9,2.9,0.7,0.2,1,34,30.8,45.5
Jordan_Goodwin,MEM,17,29.2,10,8,4.5,1.5,0.5,1.6,34.9,31.1,63.3
Vince_Williams_Jr.,MEM,52,27.6,10,5.6,3.4,0.9,0.7,1.8,44.6,37.8,80
David_Roddy,MEM,48,23.2,8.4,4.2,1.6,0.5,0.2,1.1,40.2,30.1,68.7
Kenneth_Lofton_Jr.,MEM,15,6.6,2.6,1,0.9,0.2,0.2,0.4,37.8,30,53.3
Jake_LaRavia,MEM,35,23,10.8,3.7,1.7,0.8,0.3,1.3,38.9,34,82.6
Giannis_Antetokounmpo,MIL,73,35.2,30.4,11.5,6.5,1.2,1.1,3.4,61.1,27.4,65.7
Patrick_Beverley,MIL,26,20.9,6,3.6,2.6,0.7,0.5,0.6,39.1,36.1,85.2
Jae_Crowder,MIL,50,23.1,6.2,3.2,1.3,0.8,0.2,0.5,42.2,34.9,72.2
Danilo_Gallinari,MIL,17,9.1,2.8,1.1,0.7,0.4,0.1,0.6,37.8,17.6,88.9
Damian_Lillard,MIL,73,35.3,24.3,4.4,7,1,0.2,2.6,42.4,35.4,92
Brook_Lopez,MIL,79,30.5,12.5,5.2,1.6,0.5,2.4,1,48.5,36.6,82.1
Robin_Lopez,MIL,16,4.1,1.1,0.3,0.3,0.1,0.2,0.1,36.8,25,100
Khris_Middleton,MIL,55,27,15.1,4.7,5.3,0.9,0.3,2.3,49.3,38.1,83.3
Thanasis_Antetokounmpo,MIL,34,4.6,0.9,0.4,0.5,0.2,0.1,0.4,53.3,,100
Cameron_Payne,MIL,47,14.9,6.2,1.3,2.3,0.5,0.1,0.7,45.5,39.7,84.1
Bobby_Portis,MIL,82,24.5,13.8,7.4,1.3,0.8,0.4,1.1,50.8,40.7,79
Pat_Connaughton,MIL,76,22.1,5.6,3.1,2.1,0.5,0.3,0.6,43.5,34.5,75.9
Malik_Beasley,MIL,79,29.6,11.3,3.7,1.4,0.7,0.1,0.7,44.3,41.3,71.4
Lindell_Wigginton,MIL,3,2.7,2,0,0,0,0,0.3,40,0,100
Marques_Bolden,MIL,2,1.5,0,1,0,0,0,0,
Ryan_Rollins,MIL,3,4,1,0.7,1,0.7,0,0.3,50,100
TyTy_Washington_Jr.,MIL,11,5.1,1.3,0.5,0.5,0.3,0,0.2,30,33.3,
AJ_Green,MIL,56,11,4.5,1.1,0.5,0.2,0.1,0.2,42.3,40.8,89.5
MarJon_Beauchamp,MIL,48,12.7,4.4,2.1,0.6,0.3,0.1,0.6,48.8,40,67.9
Andre_Jackson_Jr.,MIL,57,10,2.2,2,0.9,0.3,0.1,0.5,50,37,72.7
Chris_Livingston,MIL,21,4.3,1.2,1,0.2,0.1,0,0.2,50,20,75
Mike_Conley,MIN,76,28.9,11.4,2.9,5.9,1.2,0.2,1.3,45.7,44.2,91.1
Rudy_Gobert,MIN,76,34.1,14,12.9,1.3,0.7,2.1,1.6,66.2,,63.8
T.J._Warren,MIN,11,11.4,3.7,2,0.8,0.4,0.1,0.4,43.9,15.4,75
Kyle_Anderson,MIN,79,22.6,6.4,3.5,4.2,0.9,0.6,1.2,46,22.9,70.8
Karl-Anthony_Towns,MIN,62,32.7,21.8,8.3,3,0.7,0.7,2.9,50.4,41.6,87.3
Justin_Jackson,MIN,2,0.5,0,0,0,0,0,0
Monte_Morris,MIN,27,15.1,5.1,1.7,2.3,0.7,0.3,0.2,41.7,42.4,70.6
Troy_Brown_Jr.,MIN,37,11.1,4.2,1.9,0.9,0.2,0.1,0.5,44.1,36.9,86.4
Shake_Milton,MIN,38,12.9,4.7,1.3,1.3,0.4,0.1,0.7,40,26.4,81.8
Jordan_McLaughlin,MIN,56,11.2,3.5,1.3,2,0.6,0.1,0.3,48.3,47.2,72.2
Nickeil_Alexander-Walker,MIN,82,23.4,8,2,2.5,0.8,0.5,0.9,43.9,39.1,80
Naz_Reid,MIN,81,24.2,13.5,5.2,1.3,0.8,0.9,1.4,47.7,41.4,73.6
Anthony_Edwards,MIN,79,35.1,25.9,5.4,5.1,1.3,0.5,3.1,46.1,35.7,83.6
Jaden_McDaniels,MIN,72,29.2,10.5,3.1,1.4,0.9,0.6,1.2,48.9,33.7,72.2
Luka_Garza,MIN,25,4.9,4,1.2,0.2,0.2,0,0.2,48,28.1,72
Daishen_Nix,MIN,15,3.3,1.8,0.2,0.4,0.3,0,0.3,37.5,35.3,50
Josh_Minott,MIN,32,2.8,1.6,0.5,0.3,0.2,0.2,0.1,47.2,40,85.7
Wendell_Moore_Jr.,MIN,25,3,0.7,0.5,0.2,0.2,0,0.2,50,0
Leonard_Miller,MIN,1,2,2,2,1,0,0,0,100
Leonard_Miller,MIN,17,3.1,1.7,1.2,0.5,0.1,0.1,0.1,65,40,50
CJ_McCollum,NOP,66,32.7,20,4.3,4.6,0.9,0.6,1.7,45.9,42.9,82.7
Jonas_Valanciunas,NOP,82,23.5,12.2,8.8,2.1,0.4,0.8,1.4,55.9,30.8,78.5
Cody_Zeller,NOP,43,7.4,1.8,2.6,0.9,0.2,0.1,0.4,41.9,33.3,60.5
Larry_Nance_Jr.,NOP,61,19.9,5.7,5,1.9,1,0.3,0.8,57.3,41.5,77
Brandon_Ingram,NOP,64,32.9,20.8,5.1,5.7,0.8,0.6,2.5,49.2,35.5,80.1
Kaiser_Gates,NOP,1,7,0,1,0,0,0,0,0,0
Zion_Williamson,NOP,70,31.5,22.9,5.8,5,1.1,0.7,2.8,57,33.3,70.2
Kira_Lewis_Jr.,NOP,15,9.6,2.9,0.9,1.2,0.3,0.1,0.5,30.8,10,90.9
Naji_Marshall,NOP,66,19,7.1,3.6,1.9,0.7,0.2,1,46.3,38.7,79.1
Trey_Murphy_III,NOP,57,29.6,14.8,4.9,2.2,0.9,0.5,0.6,44.3,38,81.5
Herbert_Jones,NOP,76,30.5,11,3.6,2.6,1.4,0.8,1.2,49.8,41.8,86.7
Jeremiah_Robinson-Earl,NOP,39,8.6,2.9,1.9,0.5,0.3,0.1,0.4,47.4,33.3,75
Jose_Alvarado,NOP,56,18.4,7.1,2.3,2.1,1.1,0.3,0.7,41.2,37.7,67.3
Matt_Ryan,NOP,28,13.9,5.4,1.4,0.6,0.2,0,0.7,43.4,45.1,92.9
Jalen_Crutcher,NOP,1,3,0,0,0,0,0,0,0,0
Dereon_Seabron,NOP,6,9.2,2.3,1.2,0.8,0.3,0.2,0,30.8,50,83.3
Dyson_Daniels,NOP,61,22.3,5.8,3.9,2.7,1.4,0.4,1,44.7,31.1,64.2
E.J._Liddell,NOP,8,2.9,0.5,0.6,0.1,0.3,0.3,0.3,16.7,0,100
Izaiah_Brockington,NOP,1,3,4,2,0,0,0,0,40,0
Jordan_Hawkins,NOP,67,17.3,7.8,2.2,1,0.3,0.1,0.6,38.2,36.6,83.8
Alec_Burks,NYK,23,13.5,6.5,1.7,0.9,0.3,0,0.7,30.7,30.1,72.7
Evan_Fournier,NYK,3,13,4,1.3,1,1.3,0,0.3,20,13.3,100
Taj_Gibson,NYK,16,10.3,1,1.8,0.6,0.1,0.4,0.3,30.4,0,100
Bojan_Bogdanovic,NYK,29,19.2,10.4,2,0.9,0.2,0,1.3,43,37,80
Julius_Randle,NYK,46,35.4,24,9.2,5,0.5,0.3,3.5,47.2,31.1,78.1
Ryan_Arcidiacono,NYK,20,2.3,0,0.4,0.2,0.1,0,0.1,0,0.3
OG_Anunoby,NYK,23,34.9,14.1,4.4,1.5,1.7,1,1.7,48.8,39.4,79.1
Josh_Hart,NYK,81,33.4,9.4,8.3,4.1,0.9,0.3,1.5,43.4,31,79.1
Isaiah_Hartenstein,NYK,75,25.3,7.8,8.3,2.5,1.2,1.1,1.2,64.4,33.3,70.7
Donte_DiVincenzo,NYK,81,29.1,15.5,3.7,2.7,1.3,0.4,1.4,44.3,40.1,75.4
Jalen_Brunson,NYK,77,35.4,28.7,3.6,6.7,0.9,0.2,2.4,47.9,40.1,84.7
Mitchell_Robinson,NYK,31,24.8,5.6,8.5,0.6,1.2,1.1,0.8,57.5,0,40.9
Shake_Milton,NYK,6,4.5,1.8,1,0.7,0.2,0,0,44.4,50,100
RJ_Barrett,NYK,26,29.5,18.2,4.3,2.4,0.5,0.3,1.8,42.3,33.1,83.1
Dylan_Windler,NYK,3,2.3,1,0.3,0.3,0,0,0,50,50
Charlie_Brown_Jr.,NYK,8,4.6,0.8,0.3,0,0,0.3,0.3,20,28.6
DaQuan_Jeffries,NYK,17,2.7,0.8,0.3,0.3,0,0.1,0.2,35.3,20,0
Malachi_Flynn,NYK,14,4.3,2.2,0.4,0.4,0.1,0,0.2,39.1,30.8,81.8
Precious_Achiuwa,NYK,49,24.2,7.6,7.2,1.1,0.6,1.1,1.1,52.5,26,64.3
Immanuel_Quickley,NYK,30,24,15,2.6,2.5,0.5,0.1,1,45.4,39.5,87.2
Mamadi_Diakite,NYK,3,2.7,0,0.3,0,0.3,0,0.3,0,0
Miles_McBride,NYK,68,19.5,8.3,1.5,1.7,0.7,0.1,0.4,45.2,41,86
Jericho_Sims,NYK,45,13,2,3.3,0.6,0.2,0.4,0.4,69.1,0,66.7
Quentin_Grimes,NYK,45,20.2,7.3,2,1.2,0.7,0.1,0.5,39.5,36.3,70.6
Jacob_Toppin,NYK,9,4.2,1.4,0.8,0.3,0,0.1,0.1,55.6,25,100
Bismack_Biyombo,OKC,10,7.3,1.8,1.8,0.2,0.1,0.3,0.4,58.3,0,50
Gordon_Hayward,OKC,26,17.2,5.3,2.5,1.6,0.5,0,0.6,45.3,51.7,69.2
Davis_Bertans,OKC,15,6.1,2.9,0.7,0.6,0.2,0.2,0.1,38.5,41.7,93.3
Mike_Muscala,OKC,16,5.7,1.1,1.3,0.3,0.1,0.1,0.3,36.4,9.1,0
Vasilije_Micic,OKC,30,12,3.3,0.8,2.5,0.3,0.1,1,40.7,24.4,73.7
Shai_Gilgeous-Alexander,OKC,75,34,30.1,5.5,6.2,2,0.9,2.2,53.5,35.3,87.4
Kenrich_Williams,OKC,69,14.9,4.7,3,1.3,0.6,0.1,0.5,46.8,39.7,50
Luguentz_Dort,OKC,79,28.4,10.9,3.6,1.4,0.9,0.6,0.9,43.8,39.4,82.6
Isaiah_Joe,OKC,78,18.5,8.2,2.3,1.3,0.6,0.3,0.6,45.8,41.6,86.5
Aleksej_Pokusevski,OKC,10,6,1.2,1,0.5,0.1,0.1,0.3,25,18.2,50
Tre_Mann,OKC,13,9.2,3.8,1.8,1.5,0.2,0,0.7,50,42.1,100
Josh_Giddey,OKC,80,25.1,12.3,6.4,4.8,0.6,0.6,2.1,47.5,33.7,80.6
Aaron_Wiggins,OKC,78,15.7,6.9,2.4,1.1,0.7,0.2,0.7,56.2,49.2,78.9
Olivier_Sarr,OKC,15,6.5,2.3,2.4,0.1,0,0.5,0.2,57.9,33.3,66.7
Lindy_Waters_III,OKC,38,7.4,3.6,1.1,0.6,0.1,0.2,0.2,47.1,43.5,100
Jaylin_Williams,OKC,69,13,4,3.4,1.6,0.4,0.4,0.5,41.7,36.8,80.5
Jalen_Williams,OKC,71,31.3,19.1,4,4.5,1.1,0.6,1.7,54,42.7,81.4
Ousmane_Dieng,OKC,33,11.1,4,1.5,1.1,0.2,0.2,0.6,42.2,30,87.5
Chet_Holmgren,OKC,82,29.4,16.5,7.9,2.4,0.6,2.3,1.6,53,37,79.3
Cason_Wallace,OKC,82,20.6,6.8,2.3,1.5,0.9,0.5,0.5,49.1,41.9,78.4
Keyontae_Johnson,OKC,9,7.3,1.2,1.1,0.4,0.1,0,0.4,31.3,33.3
Adam_Flagler,OKC,2,7,1.5,0,2,0,0,0,14.3,16.7			
Gary_Harris,ORL,54,24,6.9,1.7,1.6,0.9,0.3,0.6,44.1,37.1,75.6
Joe_Ingles,ORL,68,17.2,4.4,2.1,3,0.6,0.1,1,43.6,43.5,82.4
Markelle_Fultz,ORL,43,21.2,7.8,3.2,2.8,1,0.3,1.2,47.2,22.2,69.7
Jonathan_Isaac,ORL,58,15.8,6.8,4.5,0.5,0.7,1.2,0.5,51,37.5,72
Wendell_Carter_Jr.,ORL,55,25.6,11,6.9,1.7,0.6,0.5,1.2,52.5,37.4,69.4
Moritz_Wagner,ORL,80,17.7,10.9,4.3,1.2,0.5,0.3,1.2,60.1,33,81.4
Chuma_Okeke,ORL,47,9.2,2.3,1.7,0.4,0.2,0.1,0.3,35.7,28,57.1
Goga_Bitadze,ORL,62,15.4,5,4.6,1.3,0.5,1.2,0.7,60.3,14.3,65.5
Admiral_Schofield,ORL,23,3.7,1.1,0.7,0.3,0,0,0.2,38.5,37.5,
Cole_Anthony,ORL,81,22.4,11.6,3.8,2.9,0.8,0.5,1.6,43.5,33.8,82.6
Trevelin_Queen,ORL,14,11.8,2.9,1.4,1.3,0.5,0.4,0.5,36.8,17.6,75
Kevon_Harris,ORL,2,3,2,1,0.5,0,0,0.5,66.7,,
Franz_Wagner,ORL,72,32.5,19.7,5.3,3.7,1.1,0.4,1.9,48.2,28.1,85
Jalen_Suggs,ORL,75,27,12.6,3.1,2.7,1.4,0.6,1.8,47.1,39.7,75.6
Paolo_Banchero,ORL,80,35,22.6,6.9,5.4,0.9,0.6,3.1,45.5,33.9,72.5
Caleb_Houstan,ORL,59,13.8,4.3,1.4,0.5,0.3,0.1,0.3,38.8,37.3,80.8
Anthony_Black,ORL,69,16.9,4.6,2,1.3,0.5,0.3,0.8,46.6,39.4,61.3
Jett_Howard,ORL,18,3.7,1.6,0.4,0.3,0.1,0.1,0.2,33.3,28,50
Nicolas_Batum,PHI,57,25.9,5.5,4.2,2.2,0.8,0.6,0.7,45.6,39.9,71.4
Patrick_Beverley,PHI,47,19.6,6.3,3.1,3.1,0.5,0.4,1,43.2,32.1,81
Danny_Green,PHI,2,9,0,1,0.5,0.5,0,0,0,0,0,0.5,0
Tobias_Harris,PHI,70,33.8,17.2,6.5,3.1,1,0.7,1.3,48.7,35.3,87.8
Kyle_Lowry,PHI,23,28.4,8,2.8,4.6,0.9,0.3,1.4,44.4,40.4,84.8
Marcus_Morris_Sr.,PHI,37,17.2,6.7,2.9,0.7,0.4,0.3,0.5,43.9,40,86.1
P.J._Tucker,PHI,3,22,2,4.7,0,1,0.7,0.7,40,40
Robert_Covington,PHI,26,16.1,4.5,3.4,0.7,1.3,0.6,0.4,44.9,35.4,87.5
Joel_Embiid,PHI,39,33.6,34.7,11,5.6,1.2,1.7,3.8,52.9,38.8,88.3
Cameron_Payne,PHI,31,19.4,9.3,1.8,3.1,0.6,0.3,1.1,41.3,38.2,91.3
Kelly_Oubre_Jr.,PHI,68,30.2,15.4,5,1.5,1.1,0.7,1.3,44.1,31.1,75
Buddy_Hield,PHI,32,25.8,12.2,3.2,3,0.8,0.3,1.3,42.6,38.9,92.3
Furkan_Korkmaz,PHI,35,8.6,2.5,0.9,0.7,0.4,0.1,0.3,39.5,35,70
Danuel_House_Jr.,PHI,34,15,4.2,1.7,0.8,0.4,0.1,0.6,44.8,30,76.1
D.J._Wilson,PHI,2,7.5,5,1,1,0,1,0,66.7,100
Mo_Bamba,PHI,57,13,4.4,4.2,0.7,0.4,1.1,0.7,49,39.1,68
De'Anthony_Melton,PHI,38,26.9,11.1,3.7,3,1.6,0.4,1,38.6,36,83.5
Darius_Bazley,PHI,3,3.3,0,0.3,0.7,0,0,0.3,0,0,0,0
Tyrese_Maxey,PHI,70,37.5,25.9,3.7,6.2,1,0.5,1.7,45,37.3,86.8
Paul_Reed,PHI,82,19.4,7.3,6,1.3,0.8,1,0.8,54,36.8,71.8
KJ_Martin,PHI,58,12.3,3.7,2.2,0.9,0.3,0.2,0.5,54.4,30.4,53.8
Filip_Petrusev,PHI,1,3,0,1,0,0,0,0,0,0,0
Jaden_Springer,PHI,32,11.8,4,1.8,1.1,0.8,0.3,0.8,39,21.6,82.4
Jeff_Dowtin_Jr.,PHI,12,11.8,4.3,1.7,2.3,0.6,0.1,0.4,55.6,47.4,75
Javonte_Smart,PHI,1,1,0,0,0,0,0,0,0,0,0
Bradley_Beal,PHX,53,33.3,18.2,4.4,5,1,0.5,2.5,51.3,43,81.3
Kevin_Durant,PHX,75,37.2,27.1,6.6,5,0.9,1.2,3.2,52.3,41.3,85.6
Eric_Gordon,PHX,68,27.8,11,1.8,2,1,0.4,1.1,44.3,37.8,79.7
Isaiah_Thomas,PHX,6,3.2,1.3,0,0.5,0,0,0,0,30,50
Thaddeus_Young,PHX,10,8.9,2.3,2.8,0.7,0.5,0.2,0.4,52.4,0,0,0
Jusuf_Nurkic,PHX,76,27.3,10.9,11,4,1.1,1.1,2.3,51,24.4,64
Devin_Booker,PHX,68,36,27.1,4.5,6.9,0.9,0.4,2.6,49.2,36.4,88.6
Royce_O'Neale,PHX,30,25.1,8.1,5.2,2.7,0.9,0.5,0.7,41.1,37.6,69.2
Josh_Okogie,PHX,60,16,4.6,2.6,1.1,0.8,0.4,0.6,41.7,30.9,74.5
Grayson_Allen,PHX,75,33.5,13.5,3.9,3,0.9,0.6,1.3,49.9,46.1,87.8
Keita_Bates-Diop,PHX,39,15.3,4.5,2.6,0.9,0.6,0.5,0.3,42.7,31.3,72.2
Chimezie_Metu,PHX,37,12.1,5,3,0.5,0.5,0.2,0.7,50.8,29.4,88.4
Yuta_Watanabe,PHX,29,13.2,3.6,1.6,0.3,0.3,0.2,0.6,36.1,32,66.7
Drew_Eubanks,PHX,75,15.6,5.1,4.3,0.8,0.4,0.8,0.8,60.1,100,77.4
Nassir_Little,PHX,45,10.2,3.4,1.7,0.5,0.2,0.2,0.3,46,30,85
Bol_Bol,PHX,43,10.9,5.2,3.2,0.4,0.2,0.6,0.4,61.6,42.3,78.9
Saben_Lee,PHX,24,7.7,3,1.3,1.3,0.3,0.1,0.3,36.4,12.5,74.4
Udoka_Azubuike,PHX,16,7.1,2.2,2,0.2,0.1,0.4,0.3,69.6,0,100,23.1
Theo_Maledon,PHX,4,3.3,1.3,0.3,0,0,0,0.8,25,0,100
Ish_Wainright,PHX,4,4,0.8,1.3,0.3,0.5,0,0.3,16.7,25
Jordan_Goodwin,PHX,40,14,5,2.9,2,0.6,0.2,0.7,38.9,28.8,86.2
David_Roddy,PHX,17,3.7,1.3,0.6,0.2,0.1,0,0.2,43.5,12.5,100
Jerami_Grant,POR,54,33.9,21,3.5,2.8,0.8,0.6,2.1,45.1,40.2,81.7
Malcolm_Brogdon,POR,39,28.7,15.7,3.8,5.5,0.7,0.2,1.5,44,41.2,81.9
Deandre_Ayton,POR,55,32.4,16.7,11.1,1.6,1,0.8,1.8,57,10,82.3
Anfernee_Simons,POR,46,34.4,22.6,3.6,5.5,0.5,0.1,2.7,43,38.5,91.6
Robert_Williams_III,POR,6,19.8,6.8,6.3,0.8,1.2,1.2,1.2,65.4,0,77.8
Matisse_Thybulle,POR,65,22.9,5.4,2.1,1.4,1.7,0.8,0.6,39.7,34.6,75.9
Moses_Brown,POR,22,9.1,3.4,3.9,0.3,0.2,0.3,0.5,50.8,0,29
Skylar_Mays,POR,21,17,6.3,1.8,3.6,0.7,0.1,0.9,38.4,28.6,76.5
Ashton_Hagans,POR,19,16.6,4.2,2.4,2.8,0.6,0.5,1.6,40.8,32,82.4
Dalano_Banton,POR,30,29.2,16.7,4.8,3.6,0.9,0.6,2.2,40.8,31.1,78
Ish_Wainright,POR,7,6.6,2.9,1.3,0,0.3,0.1,0.1,33.3,37.5,100
Jamaree_Bouyea,POR,6,9.5,1.7,1.7,1.3,0,0,1.3,23.8,0
Shaedon_Sharpe,POR,32,33.1,15.9,5,2.9,0.9,0.4,2.3,40.6,33.3,82.4
Jabari_Walker,POR,72,23.6,8.9,7.1,1,0.6,0.3,0.9,46,29.5,75.4
Ibou_Badji,POR,22,10.3,1.5,2.3,0.6,0.1,0.9,0.7,63.6,0,50
Justin_Minaya,POR,34,11.2,1.8,1.6,0.6,0.3,0.3,0.3,29.7,24.5,55.6
Kris_Murray,POR,62,21.7,6.1,3.6,1.3,0.9,0.3,0.9,39.5,26.8,66.1
Rayan_Rupert,POR,39,16.2,4,2.4,1.6,0.3,0.1,0.8,33.5,35.9,76
Toumani_Camara,POR,70,24.8,7.5,4.9,1.2,0.9,0.5,1.2,45,33.7,75.8
Scoot_Henderson,POR,62,28.5,14,3.1,5.4,0.8,0.2,3.4,38.5,32.5,81.9
Duop_Reath,POR,68,17.9,9.1,3.7,1,0.5,0.6,0.8,46.1,35.9,74.2
Taze_Moore,POR,4,10,4.5,2,1.3,0.5,0,0.8,42.1,14.3,50
Jerami_Grant,POR,54,33.9,21,3.5,2.8,0.8,0.6,2.1,45.1,40.2,81.7
Malcolm_Brogdon,POR,39,28.7,15.7,3.8,5.5,0.7,0.2,1.5,44,41.2,81.9
Deandre_Ayton,POR,55,32.4,16.7,11.1,1.6,1,0.8,1.8,57,10,82.3
Anfernee_Simons,POR,46,34.4,22.6,3.6,5.5,0.5,0.1,2.7,43,38.5,91.6
Robert_Williams_III,POR,6,19.8,6.8,6.3,0.8,1.2,1.2,1.2,65.4,0,77.8
Matisse_Thybulle,POR,65,22.9,5.4,2.1,1.4,1.7,0.8,0.6,39.7,34.6,75.9
Moses_Brown,POR,22,9.1,3.4,3.9,0.3,0.2,0.3,0.5,50.8,0,29
Skylar_Mays,POR,21,17,6.3,1.8,3.6,0.7,0.1,0.9,38.4,28.6,76.5
Ashton_Hagans,POR,19,16.6,4.2,2.4,2.8,0.6,0.5,1.6,40.8,32,82.4
Dalano_Banton,POR,30,29.2,16.7,4.8,3.6,0.9,0.6,2.2,40.8,31.1,78
Ish_Wainright,POR,7,6.6,2.9,1.3,0,0.3,0.1,0.1,33.3,37.5,100
Jamaree_Bouyea,POR,6,9.5,1.7,1.7,1.3,0,0,1.3,23.8,0
Shaedon_Sharpe,POR,32,33.1,15.9,5,2.9,0.9,0.4,2.3,40.6,33.3,82.4
Jabari_Walker,POR,72,23.6,8.9,7.1,1,0.6,0.3,0.9,46,29.5,75.4
Ibou_Badji,POR,22,10.3,1.5,2.3,0.6,0.1,0.9,0.7,63.6,0,50
Justin_Minaya,POR,34,11.2,1.8,1.6,0.6,0.3,0.3,0.3,29.7,24.5,55.6
Kris_Murray,POR,62,21.7,6.1,3.6,1.3,0.9,0.3,0.9,39.5,26.8,66.1
Rayan_Rupert,POR,39,16.2,4,2.4,1.6,0.3,0.1,0.8,33.5,35.9,76
Toumani_Camara,POR,70,24.8,7.5,4.9,1.2,0.9,0.5,1.2,45,33.7,75.8
Scoot_Henderson,POR,62,28.5,14,3.1,5.4,0.8,0.2,3.4,38.5,32.5,81.9
Duop_Reath,POR,68,17.9,9.1,3.7,1,0.5,0.6,0.8,46.1,35.9,74.2
Taze_Moore,POR,4,10,4.5,2,1.3,0.5,0,0.8,42.1,14.3,50
Harrison_Barnes,SAC,82,29,12.2,3,1.2,0.7,0.1,0.7,47.4,38.7,80.1
Alex_Len,SAC,48,9.3,2.5,2.7,1,0.2,0.7,0.6,61.7,0,58.8
JaVale_McGee,SAC,46,7.4,4,2.7,0.4,0.3,0.4,0.7,59.8,14.3,57.8
Trey_Lyles,SAC,58,20,7.2,4.4,1.2,0.3,0.3,0.7,44.5,38.4,70
Domantas_Sabonis,SAC,82,35.7,19.4,13.7,8.2,0.9,0.6,3.3,59.4,37.9,70.4
De'Aaron_Fox,SAC,74,35.9,26.6,4.6,5.6,2,0.4,2.6,46.5,36.9,73.8
Malik_Monk,SAC,72,26,15.4,2.9,5.1,0.6,0.5,2.1,44.3,35,82.9
Sasha_Vezenkov,SAC,42,12.2,5.4,2.3,0.5,0.5,0.2,0.3,44,37.5,80
Kevin_Huerter,SAC,64,24.4,10.2,3.5,2.6,0.7,0.4,0.8,44.3,36.1,76.6
Juan_Toscano-Anderson,SAC,11,4.8,0.6,1.3,0.4,0.1,0.1,0.2,25,25
Mason_Jones,SAC,5,5.6,1.4,1,1,0.2,0,0.4,25,28.6,50
Jordan_Ford,SAC,6,3.7,2,0.3,0.3,0,0,0.2,57.1,66.7,100
Filip_Petrusev,SAC,2,3.5,1.5,0,0,0,0,0,50,0,50
Chris_Duarte,SAC,59,12.2,3.9,1.8,0.7,0.5,0.1,0.4,38.1,34.6,78.8
Davion_Mitchell,SAC,72,15.3,5.3,1.3,1.9,0.2,0,0.6,45.2,36.1,71.4
Kessler_Edwards,SAC,54,5.1,1.7,0.8,0.3,0.2,0.1,0.1,41.5,38.5,55.6
Keon_Ellis,SAC,57,17.2,5.4,2.2,1.5,0.9,0.5,0.6,46.1,41.7,74.3
Keegan_Murray,SAC,77,33.6,15.2,5.5,1.7,1,0.8,0.8,45.4,35.8,83.1
Colby_Jones,SAC,30,6.4,2.1,1.3,0.7,0.2,0.2,0.3,39.4,9.1,54.5
Jalen_Slawson,SAC,12,3.1,0.7,0.6,0.2,0.1,0.1,0.2,66.7,0,0
Doug_McDermott,SAS,46,15.2,6,1,1.2,0.2,0,0.5,44.2,43.9,58.8
Cedi_Osman,SAS,72,17.6,6.8,2.5,1.7,0.5,0.2,0.7,47.9,38.9,67.3
Zach_Collins,SAS,69,22.1,11.2,5.4,2.8,0.5,0.8,1.9,48.4,32,75.3
Devonte'_Graham,SAS,23,13.6,5,1.6,2.1,0.4,0.1,0.7,35.2,30.1,81.3
Keldon_Johnson,SAS,69,29.5,15.7,5.5,2.8,0.7,0.3,1.4,45.4,34.6,79.2
Tre_Jones,SAS,77,27.8,10,3.8,6.2,1,0.1,1.5,50.5,33.5,85.6
Devin_Vassell,SAS,68,33.1,19.5,3.8,4.1,1.1,0.3,1.6,47.2,37.2,80.1
Mamadi_Diakite,SAS,3,5.3,4,1,0.7,0,0.3,0,80,0,66.7
RaiQuan_Gray,SAS,3,13,7.7,2.3,2,0.3,0.3,0.3,58.8,42.9
Sandro_Mamukelashvili,SAS,46,9.8,4.1,3.2,1.1,0.2,0.3,0.4,47.1,29.7,73.5
Charles_Bassey,SAS,19,10.8,3.3,4,1.1,0.4,0.9,0.8,72.5,0,83.3
David_Duke_Jr.,SAS,4,12.8,6.5,2.5,1.3,0.5,0,0.8,55.6,50,100
Julian_Champagnie,SAS,74,19.8,6.8,2.8,1.4,0.6,0.6,0.8,40.8,36.5,81.5
Blake_Wesley,SAS,61,14.4,4.4,1.5,2.7,0.5,0.1,0.9,47.4,21.8,66.7
Dominick_Barlow,SAS,33,12.7,4.4,3.4,1.1,0.4,0.4,0.3,49.6,33.3,69
Jeremy_Sochan,SAS,74,29.6,11.6,6.4,3.4,0.8,0.5,1.9,43.8,30.8,77.1
Malaki_Branham,SAS,75,21.3,9.2,2,2.1,0.4,0.1,1.2,43.2,34.7,87.3
Jamaree_Bouyea,SAS,3,12.7,3.7,3,1,0.3,0,0.3,71.4,100
Victor_Wembanyama,SAS,71,29.7,21.4,10.6,3.9,1.2,3.6,3.7,46.5,32.5,79.6
Sidy_Cissoko,SAS,12,11.8,3.8,1.8,0.8,0.6,0.3,0.3,48.5,8.3,80
Kelly_Olynyk,TOR,28,26.4,12.7,5.6,4.6,1.3,0.6,2.5,54.8,33.8,82.4
Otto_Porter_Jr.,TOR,15,11.6,2.6,1.9,0.5,0.3,0.3,0.1,42.4,34.8,100
Dennis_Schroder,TOR,51,30.6,13.7,2.7,6.1,0.9,0.2,1.6,44.2,35,85.2
Garrett_Temple,TOR,27,10.7,3.3,1.7,1,0.4,0.1,0.5,37.2,30,81.8
Thaddeus_Young,TOR,23,15.2,5,3.3,2.2,0.8,0.1,0.5,62.1,16.7,41.7
Jakob_Poeltl,TOR,50,26.4,11.1,8.6,2.5,0.7,1.5,1.5,65.6,,55.1
Pascal_Siakam,TOR,39,34.7,22.2,6.3,4.9,0.8,0.3,2.1,52.2,31.7,75.8
OG_Anunoby,TOR,27,33.3,15.1,3.9,2.7,1,0.5,1.6,48.9,37.4,71.7
Chris_Boucher,TOR,50,14.1,6.4,4.1,0.5,0.3,0.5,0.6,50.7,33,77.2
Kobi_Simmons,TOR,4,16.8,5,1.8,3,1.5,0.5,0.3,42.9,25,
Gary_Trent_Jr.,TOR,71,28.1,13.7,2.6,1.7,1.1,0.1,0.7,42.6,39.3,77.1
Bruce_Brown,TOR,34,26,9.6,3.8,2.7,0.7,0.3,1.3,48.1,31.7,83.3
RJ_Barrett,TOR,32,33.5,21.8,6.4,4.1,0.6,0.4,2.5,55.3,39.2,62.9
Jalen_McDaniels,TOR,50,10.8,3.4,1.6,0.7,0.4,0.1,0.6,34.4,16.9,73
Jontay_Porter,TOR,26,13.8,4.4,3.2,2.3,0.8,0.8,0.8,38.5,33.3,83.3
Kira_Lewis_Jr.,TOR,1,2,0,0,0,0,0,0,
Malachi_Flynn,TOR,31,15.3,5.1,2.1,2.4,0.6,0.2,1.1,40.9,35,77.3
Precious_Achiuwa,TOR,25,17.5,7.7,5.4,1.8,0.6,0.5,1.2,45.9,27.7,57.1
Jordan_Nwora,TOR,34,15.6,7.9,3.4,1.3,0.6,0.4,1.2,46.5,34.7,83.3
Immanuel_Quickley,TOR,38,33.3,18.6,4.8,6.8,0.9,0.2,1.8,42.2,39.5,84.1
Jahmi'us_Ramsey,TOR,7,17.3,6.7,3.1,1.1,1,0,1,43.9,27.3,83.3
Scottie_Barnes,TOR,60,34.9,19.9,8.2,6.1,1.3,1.5,2.8,47.5,34.1,78.1
D.J._Carton,TOR,4,9,2.8,1,0.8,0.3,0,0.3,37.5,25,80
Javon_Freeman-Liberty,TOR,22,18.3,7,3.2,1.8,0.5,0.2,1.1,44.4,23.8,91.7
Ochai_Agbaji,TOR,27,23.6,6.7,3.3,1.3,0.7,0.6,1.1,39.1,21.7,61.1
Kelly_Olynyk,UTA,50,20.4,8.1,5.1,4.4,0.7,0.2,1.6,56.2,42.9,84.2
Jordan_Clarkson,UTA,55,30.6,17.1,3.4,5,0.6,0.1,2.7,41.3,29.4,88.1
Kris_Dunn,UTA,66,18.9,5.4,2.9,3.8,1,0.4,1.2,47,36.9,68.8
Lauri_Markkanen,UTA,55,33.1,23.2,8.2,2,0.9,0.5,1.4,48,39.9,89.9
John_Collins,UTA,68,28,15.1,8.5,1.1,0.6,0.9,1.4,53.2,37.1,79.5
Collin_Sexton,UTA,78,26.6,18.7,2.6,4.9,0.8,0.2,2.1,48.7,39.4,86.2
Talen_Horton-Tucker,UTA,51,19.8,10.1,2.4,3.5,0.9,0.4,1.3,39.6,33,80.7
Luka_Samanic,UTA,43,9.4,4.1,2.4,0.4,0.1,0.2,0.7,38,20.3,78.6
Darius_Bazley,UTA,6,23.7,8,4.5,0.8,1,1.2,1.2,62.1,25,83.3
Kira_Lewis_Jr.,UTA,12,9.9,3.8,1,1.6,0.3,0.1,0.5,45,15.4,77.8
Omer_Yurtseven,UTA,48,11.4,4.6,4.3,0.6,0.2,0.4,0.8,53.8,20.8,67.9
Jason_Preston,UTA,7,10.1,1.7,2.4,2.3,0.3,0.1,0.3,31.6,0,0
Micah_Potter,UTA,16,11.6,3.3,2.7,0.4,0.3,0.4,0.3,47.5,42.9,75
Ochai_Agbaji,UTA,51,19.7,5.4,2.5,0.9,0.5,0.6,0.7,42.6,33.1,75
Kenneth_Lofton_Jr.,UTA,4,22.8,13.8,5,4.8,0.8,0.5,1.5,60,33.3,81.8
Johnny_Juzang,UTA,20,18.6,7.2,1.8,1.2,0.2,0.1,0.7,46.4,41.6,71.4
Walker_Kessler,UTA,64,23.3,8.1,7.5,0.9,0.5,2.4,1,65.4,21.1,60.2
Simone_Fontecchio,UTA,50,23.2,8.9,3.5,1.5,0.6,0.4,1,45,39.1,80
Keyonte_George,UTA,75,27,13,2.8,4.4,0.5,0.1,2.5,39.1,33.4,84.8
Brice_Sensabaugh,UTA,32,18.3,7.5,3.2,1.7,0.4,0.2,1.5,39,29.6,90.2
Taylor_Hendricks,UTA,40,21.4,7.3,4.6,0.8,0.7,0.7,0.7,45,37.9,79.3
Danilo_Gallinari,WAS,26,14.8,7,2.9,1.2,0.2,0.1,0.5,43.5,31.3,83.9
Mike_Muscala,WAS,24,14.1,4,3.1,0.9,0.2,0.3,0.7,36.7,27.5,75
Delon_Wright,WAS,33,13.8,4.1,1.8,2.5,1.1,0.2,0.3,39.3,36.8,82.8
Tyus_Jones,WAS,66,29.3,12,2.7,7.3,1.1,0.3,1,48.9,41.4,80
Richaun_Holmes,WAS,17,18.7,7.1,6.1,0.6,0.5,0.6,0.7,55.7,33.3,84.6
Kyle_Kuzma,WAS,70,32.6,22.2,6.6,4.2,0.5,0.7,2.7,46.3,33.6,77.5
Marvin_Bagley_III,WAS,24,24,13.3,8.1,1.2,0.6,0.8,1.3,58.1,47.1,70.8
Landry_Shamet,WAS,46,15.8,7.1,1.3,1.2,0.5,0.2,0.7,43.1,33.8,82.6
Hamidou_Diallo,WAS,2,2.5,1,1,0.5,1,0,0.5,50,0,0
Jordan_Poole,WAS,78,30.1,17.4,2.7,4.4,1.1,0.3,2.4,41.3,32.6,87.7
Daniel_Gafford,WAS,45,26.5,10.9,8,1.5,1,2.2,1,69,0,70.6
Deni_Avdija,WAS,75,30.1,14.7,7.2,3.8,0.8,0.5,2.1,50.6,37.4,74
Anthony_Gill,WAS,50,9.3,3.8,1.9,0.7,0.3,0.2,0.5,46.9,24.4,80.6
Jared_Butler,WAS,40,14.2,6.3,1.5,3.2,0.7,0.2,1.3,48.8,30.8,86.1
Corey_Kispert,WAS,80,25.8,13.4,2.8,2,0.5,0.2,1.2,48.6,38.3,72.6
Justin_Champagnie,WAS,15,15.7,5.9,3.5,1.3,0.7,0.6,0.7,41,28.9,80
Eugene_Omoruyi,WAS,43,9.1,4.8,2,0.8,0.6,0.1,0.5,48.5,28.3,65.3
Patrick_Baldwin_Jr.,WAS,38,13,4.4,3.2,0.8,0.5,0.4,0.5,38.1,32,67.9
Ryan_Rollins,WAS,10,6.6,4.1,1.1,1.1,0.8,0.3,0.7,52,66.7,76.5
Johnny_Davis,WAS,50,12.3,3,1.4,0.6,0.4,0.2,0.3,40.3,35,58.3
Jules_Bernard,WAS,19,7.8,3.9,1.4,0.8,0.2,0.1,0.4,45.3,37.9,55.6
Bilal_Coulibaly,WAS,63,27.2,8.4,4.1,1.7,0.9,0.8,1.4,43.5,34.6,70.2
Tristan_Vukcevic,WAS,10,15.3,8.5,3.6,1.3,0.5,0.7,1,43.3,27.8,77.3
Trey_Jemison,WAS,2,0.5,0,0.5,0,0,0,0.5,,0,0
